Generation of random slices, Dotproduct, Algo
17.6293097s, 550.22613ms, PureGo
17.993233046s, 568.926545ms, PureGo
17.584031773s, 566.915024ms, PureGo
17.811304096s, 571.81202ms, PureGo
18.164239278s, 703.968454ms, PureGo
17.545873575s, 362.706735ms, Go+Rust
17.635477532s, 363.570878ms, Go+Rust
17.587530192s, 364.030399ms, Go+Rust
17.5698185s, 369.707989ms, Go+Rust
17.537346459s, 364.363177ms, Go+Rust