Generation of random slices, Dotproduct, Algo
17.6293097s, 550.22613ms, PureGo
17.993233046s, 568.926545ms, PureGo
17.584031773s, 566.915024ms, PureGo
17.811304096s, 571.81202ms, PureGo
18.164239278s, 703.968454ms, PureGo
